"ANO";"NIVEL";"CODIGO";"TVV";"TCV";"TMV";"TVVF";"TVVM";"TVC_22_34";"TVC_35_45";"VMV";"DPV";"V_P25";"V_P50";"V_P75";"TPIC";"TAIC";"TGIC";"MUNICIPIO"
2025;"UF";"33";50;29;21;2;2;27;22;75363,2653061225;46319,2125989023;24500;89900;112900;0;1;1;NA
2025;"MUNICIPIO";"330010";3;1;2;0;0;2;1;46833,3333333333;35345,9097114975;26500;29500;58500;0;0;0;330010
2025;"MUNICIPIO";"330070";3;2;1;1;0;1;2;89566,6666666667;62292,3216242045;64400;108900;124400;0;0;1;330070
2025;"MUNICIPIO";"330100";5;3;2;0;0;4;1;69540;47081,5037992628;22500;89900;96500;0;0;0;330100
2025;"MUNICIPIO";"330170";4;2;2;0;0;1;3;65950;52775,3414642356;24350;59000;100600;0;0;0;330170
2025;"MUNICIPIO";"330270";3;2;1;0;0;1;2;81400;49543,0116161704;63650;102500;109700;0;0;0;330270
2025;"MUNICIPIO";"330330";5;3;2;0;1;3;2;90850;51126,8683440191;72500;99700;118050;0;0;0;330330
2025;"MUNICIPIO";"330350";6;3;3;0;1;4;2;70100;53205,8267485808;23050;62500;113800;0;1;0;330350
2025;"MUNICIPIO";"330390";5;3;2;1;0;2;3;83860;58047,3341334466;28500;92000;115000;0;0;0;330390
2025;"MUNICIPIO";"330455";7;5;2;0;0;4;2;77928,5714285714;41624,780851704;50250;89500;105350;0;0;0;330455
2025;"MUNICIPIO";"330490";5;3;2;0;0;2;3;78220;50126,958814594;28900;98500;106900;0;0;0;330490
2025;"MUNICIPIO";"330620";4;2;2;0;0;3;1;72000;55892,8140879189;26200;66850;112650;0;0;0;330620
